activity_name,instruction
adding_chemicals_to_hot_tub,Add chemicals to the hot tub.
adding_chemicals_to_lawn,Add chemicals to the lawn.
adding_chemicals_to_pool,Add chemicals to the pool.
adding_fabric_softener,Add fabric softener.
applying_pesticides,Apply pesticides.
assembling_furniture,Assemble furniture.
assembling_gift_baskets,Assemble gift baskets.
attach_a_camera_to_a_tripod,Attach a camera to a tripod.
bag_groceries,Bag groceries.
baking_cookies_for_the_PTA_bake_sale,Bake cookies for the PTA bake sale.
baking_sugar_cookies,Bake sugar cookies.
boil_water,Boil water.
boil_water_in_the_microwave,Boil water in the microwave.
bottling_wine,Bottle wine.
boxing_books_up_for_storage,Box books up for storage.
boxing_food_after_dinner,Box food after dinner.
brewing_coffee,Brew coffee.
bringing_glass_to_recycling,Bring glass to the recycling center.
bringing_in_kindling,Bring in kindling.
bringing_in_mail,Bring in mail.
bringing_in_wood,Bring in wood.
bringing_laundry,Bring laundry.
bringing_newspaper_in,Bring newspaper in.
bringing_paper_to_recycling,Bring paper to the recycling center.
bringing_water,Bring water.
brushing_lint_off_clothing,Brushing lint off clothing.
buy_a_air_conditioner,Buy an air conditioner.
buy_a_belt,Buy a belt.
buy_a_good_avocado,Buy a good avocado.
buy_a_keg,Buy a keg.
buy_alcohol,Buy alcohol.
buy_and_clean_mussels,Buy and clean mussels.
buy_basic_garden_tools,Buy basic garden tools.
buy_boxes_for_packing,Buy boxes for packing.
buy_candle_making_supplies,Buy candle making supplies.
buy_dog_food,Buy dog food.
buy_eggs,Buy eggs.
buy_fish,Buy fish.
buy_food_for_a_party,Buy food for a party.
buy_food_for_camping,Buy food for camping.
buy_good_chocolate,Buy good chocolate.
buy_home_use_medical_supplies,Buy home use medical supplies.
buy_meat_from_a_butcher,Buy meat from a butcher.
buy_mulch,Buy mulch.
buy_natural_beef,Buy natural beef.
buy_natural_supplements,Buy natural supplements.
buy_pet_food_for_less,Buy pet food for less.
buy_rechargeable_batteries,Buy rechargeable batteries.
buy_salad_greens,Buy salad greens.
buy_school_supplies,Buy school supplies.
buy_school_supplies_for_high_school,Buy school supplies for high school.
buy_used_gardening_equipment,Buy used gardening equipment.
buying_cleaning_supplies,Buy cleaning supplies.
buying_everyday_consumer_goods,Buy everyday consumer goods.
buying_fast_food,Buy fast food.
buying_gardening_supplies,Buy gardening supplies.
buying_groceries,Buy groceries.
buying_groceries_for_a_feast,Buy groceries for a feast.
buying_office_supplies,Buy office supplies.
buying_postage_stamps,Buy postage stamps.
can_beans,Can beans.
can_fruit,Can fruit.
can_meat,Can meat.
can_syrup,Can syrup.
can_vegetables,Can vegetables.
canning_food,Can food.
carrying_in_groceries,Carry in groceries.
carrying_out_garden_furniture,Carry out garden furniture.
carrying_water,Carry water.
changing_bulbs,Change bulbs.
changing_dogs_water,Change dog's water.
changing_light_bulbs,Change light bulbs.
changing_sheets,Change sheets.
chlorinating_the_pool,Chlorinate the pool.
chop_an_onion,Chop an onion.
chopping_wood,Chop wood.
clean_a_LED_screen,Clean an LED screen.
clean_a_air_conditioner,Clean an air conditioner.
clean_a_backpack,Clean a backpack.
clean_a_baking_stone,Clean a baking stone.
clean_a_baseball_glove,Clean a baseball glove.
clean_a_beer_keg,Clean a beer keg.
clean_a_bicycle_chain,Clean a bicycle chain.
clean_a_birdcage,Clean a birdcage.
clean_a_blender,Clean a blender.
clean_a_book,Clean a book.
clean_a_bowling_ball,Clean a bowling ball.
clean_a_box_fan,Clean a box fan.
clean_a_broiler_pan,Clean a broiler pan.
clean_a_camera_lens,Clean a camera lens.
clean_a_candle_jar,Clean a candle jar.
clean_a_chicken_coop,Clean a chicken coop.
clean_a_coffee_maker,Clean a coffee maker.
clean_a_company_office,Clean a company office.
clean_a_computer_monitor,Clean a computer monitor.
clean_a_couch,Clean a couch.
clean_a_crab,Clean a crab.
clean_a_dirty_baseball,Clean a dirty baseball.
clean_a_dirty_tent,Clean a dirty tent.
clean_a_drain,Clean a drain.
clean_a_faucet,Clean a faucet.
clean_a_felt_pool_table_top,Clean a felt pool table top.
clean_a_fence,Clean a fence.
clean_a_fish,Clean a fish.
clean_a_flat_iron,Clean a flat iron.
clean_a_flat_panel_monitor,Clean a flat panel monitor.
clean_a_garden_sprayer,Clean a garden sprayer.
clean_a_glass_pipe,Clean a glass pipe.
clean_a_glass_windshield,Clean a glass windshield.
clean_a_golf_club,Clean a golf club.
clean_a_gravestone,Clean a gravestone.
clean_a_grill_pan,Clean a grill pan.
clean_a_guitar,Clean a guitar.
clean_a_hamper,Clean a hamper.
clean_a_hat,Clean a hat.
clean_a_hot_water_dispenser,Clean a hot water dispenser.
clean_a_keyboard,Clean a keyboard.
clean_a_kitchen_sink,Clean a kitchen sink.
clean_a_kitchen_table,Clean a kitchen table.
clean_a_knife,Clean a knife.
clean_a_knife_block,Clean a knife block.
clean_a_leather_belt,Clean a leather belt.
clean_a_light_bulb,Clean a light bulb.
clean_a_lobster,Clean a lobster.
clean_a_longboard,Clean a longboard.
clean_a_loofah_or_natural_sponge,Clean a loofah or natural sponge.
clean_a_mattress,Clean a mattress.
clean_a_mousepad,Clean a mousepad.
clean_a_patio,Clean a patio.
clean_a_piano,Clean a piano.
clean_a_pickup_truck,Clean a pickup truck.
clean_a_pizza_stone,Clean a pizza stone.
clean_a_popcorn_machine,Clean a popcorn machine.
clean_a_pumpkin,Clean a pumpkin.
clean_a_purse,Clean a purse.
clean_a_quilt,Clean a quilt.
clean_a_raincoat,Clean a raincoat.
clean_a_razor_blade,Clean a razor blade.
clean_a_rice_cooker,Clean a rice cooker.
clean_a_rug,Clean a rug.
clean_a_sauna,Clean a sauna.
clean_a_sauna_suit,Clean a sauna suit.
clean_a_saxophone,Clean a saxophone.
clean_a_shower,Clean a shower.
clean_a_sieve,Clean a sieve.
clean_a_small_pet_cage,Clean a small pet cage.
clean_a_sofa,Clean a sofa.
clean_a_softball_bat,Clean a softball bat.
clean_a_sponge,Clean a sponge.
clean_a_stainless_steel_dishwasher,Clean a stainless steel dishwasher.
clean_a_suitcase,Clean a suitcase.
clean_a_teddy_bear,Clean a teddy bear.
clean_a_tie,Clean a tie.
clean_a_toaster,Clean a toaster.
clean_a_toaster_oven,Clean a toaster oven.
clean_a_trombone,Clean a trombone.
clean_a_trumpet,Clean a trumpet.
clean_a_turkey,Clean a turkey.
clean_a_vacuum,Clean a vacuum.
clean_a_violin,Clean a violin.
clean_a_watch,Clean a watch.
clean_a_whiteboard,Clean a whiteboard.
clean_a_wood_pipe,Clean a wood pipe.
clean_an_air_filter,Clean an air filter.
clean_an_electric_kettle,Clean an electric kettle.
clean_an_electric_razor,Clean an electric razor.
clean_an_eraser,Clean an eraser.
clean_an_espresso_machine,Clean an espresso machine.
clean_an_iron,Clean an iron.
clean_an_office_chair,Clean an office chair.
clean_and_disinfect_ice_trays,Clean and disinfect ice trays.
clean_apples,Clean apples.
clean_baby_toys,Clean baby toys.
clean_baking_sheets,Clean baking sheets.
clean_batting_gloves,Clean batting gloves.
clean_black_rims,Clean black rims.
clean_bok_choy,Clean bok choy.
clean_boxing_gloves,Clean boxing gloves.
clean_brass,Clean brass.
clean_brass_casings,Clean brass casings.
clean_brooms,Clean brooms.
clean_cabbage,Clean cabbage.
clean_carpets,Clean carpets.
clean_cement,Clean cement.
clean_clams,Clean clams.
clean_clear_plastic,Clean clear plastic.
clean_conch_shells,Clean conch shells.
clean_copper_mugs,Clean copper mugs.
clean_copper_wire,Clean copper wire.
clean_cork_mats,Clean cork mats.
clean_couch_pillows,Clean couch pillows.
clean_cup_holders,Clean cup holders.
clean_cups,Clean cups.
clean_decking,Clean decking.
clean_deer_antlers,Clean deer antlers.
clean_dentures,Clean dentures.
clean_dentures_with_vinegar,Clean dentures with vinegar.
clean_dog_collars,Clean dog collars.
clean_eggs,Clean eggs.
clean_fishing_lures,Clean fishing lures.
clean_flip_flops,Clean flip flops.
clean_fur,Clean fur.
clean_garden_gloves,Clean garden gloves.
clean_gas_logs,Clean gas logs.
clean_geodes,Clean geodes.
clean_gold,Clean gold.
clean_gourds,Clean gourds.
clean_grease,Clean grease.
clean_green_beans,Clean green beans.
clean_greens,Clean greens.
clean_household_cleaning_tools,Clean household cleaning tools.
clean_invisalign,Clean invisalign.
clean_jade,Clean jade.
clean_jewels,Clean jewels.
clean_kitchen_appliances,Clean kitchen appliances.
clean_leather_boots,Clean leather boots.
clean_leather_sandals,Clean leather sandals.
clean_marker_off_a_doll,Clean marker off a doll.
clean_mirrors,Clean mirrors.
clean_mushrooms,Clean mushrooms.
clean_mussels,Clean mussels.
clean_nickel,Clean nickel.
clean_out_a_guinea_pigs_hutch,Clean out a guinea pig's hutch.
clean_outdoor_tiles,Clean outdoor tiles.
clean_oysters,Clean oysters.
clean_paper_lampshades,Clean paper lampshades.
clean_pearls,Clean pearls.
clean_pennies,Clean pennies.
clean_piano_keys,Clean piano keys.
clean_pine_cones,Clean pine cones.
clean_place_mats,Clean place mats.
clean_plastic_containers,Clean plastic containers.
clean_potatoes,Clean potatoes.
clean_pottery,Clean pottery.
clean_prawns,Clean prawns.
clean_quarters,Clean quarters.
clean_quartz,Clean quartz.
clean_raw_denim,Clean raw denim.
clean_reusable_shopping_bags,Clean reusable shopping bags.
clean_rubber,Clean rubber.
clean_rubber_bathmats,Clean rubber bathmats.
clean_scallops,Clean scallops.
clean_seashells,Clean seashells.
clean_sheets,Clean sheets.
clean_shrimp,Clean shrimp.
clean_silver_coins,Clean silver coins.
clean_skateboard_bearings,Clean skateboard bearings.
clean_snap_peas,Clean snap peas.
clean_snow_peas,Clean snow peas.
clean_soot_from_glass_lanterns,Clean soot from glass lanterns.
clean_stainless_steel_sinks,Clean stainless steel sinks.
clean_strawberries,Clean strawberries.
clean_stucco,Clean stucco.
clean_suede_gloves,Clean suede gloves.
clean_sunglasses,Clean sunglasses.
clean_synthetic_hiking_gear,Clean synthetic hiking gear.
clean_tennis_balls,Clean tennis balls.
clean_the_bottom_of_an_iron,Clean the bottom of an iron.
clean_the_exterior_of_your_garage,Clean the exterior of your garage.
clean_the_interior_of_your_car,Clean the interior of your car.
clean_the_outside_of_a_house,Clean the outside of a house.
clean_tweed,Clean tweed.
clean_up_after_a_dinner_party,Clean up after a dinner party.
clean_up_broken_glass,Clean up broken glass.
clean_up_gasoline,Clean up gasoline.
clean_up_spilled_egg,Clean up spilled egg.
clean_up_water_damage,Clean up water damage.
clean_up_your_desk,Clean up your desk.
clean_vans,Clean vans.
clean_vases,Clean vases.
clean_vintage_stereo_equipment,Clean vintage stereo equipment.
clean_vinyl_shutters,Clean vinyl shutters.
clean_walls,Clean walls.
clean_whiskey_stones,Clean whiskey stones.
clean_white_wall_tires,Clean white wall tires.
clean_wine_glasses,Clean wine glasses.
clean_wood_doors,Clean wood doors.
clean_wood_pallets,Clean wood pallets.
clean_wood_siding,Clean wood siding.
clean_wooden_blocks,Clean wooden blocks.
clean_your_baseboard_radiators,Clean your baseboard radiators.
clean_your_cleaning_supplies,Clean your cleaning supplies.
clean_your_electronics,Clean your electronics.
clean_your_goal_keeper_gloves,Clean your goalkeeper gloves.
clean_your_house_after_a_wild_party,Clean your house after a wild party.
clean_your_kitty_litter_box,Clean your kitty litter box.
clean_your_laundry_room,Clean your laundry room.
clean_your_pencil_case,Clean your pencil case.
clean_your_rusty_garden_tools,Clean your rusty garden tools.
cleaning_around_pool_in_garden,Clean around pool in garden.
cleaning_barbecue_grill,Clean barbecue grill.
cleaning_bathrooms,Clean bathrooms.
cleaning_bathtub,Clean bathtub.
cleaning_bedroom,Clean bedroom.
cleaning_boat,Clean boat.
cleaning_camper_or_RV,Clean camper or RV.
cleaning_carpets,Clean carpets.
cleaning_computer,Clean computer.
cleaning_cups_in_living_room,Clean cups in living room.
cleaning_debris_out_of_car,Clean debris out of the car.
cleaning_driveway,Clean driveway.
cleaning_fan,Clean fan.
cleaning_fishing_gear,Clean fishing gear.
cleaning_floors,Clean floors.
cleaning_freezer,Clean freezer.
cleaning_garage,Clean garage.
cleaning_garden_path,Clean garden path.
cleaning_garden_tools,Clean garden tools.
cleaning_glasses_off_bar,Clean glasses off bar.
cleaning_high_chair,Clean high chair.
cleaning_kitchen_cupboard,Clean kitchen cupboard.
cleaning_kitchen_knives,Clean kitchen knives.
cleaning_lawnmowers,Clean lawnmowers.
cleaning_microwave_oven,Clean microwave oven.
cleaning_mushrooms,Clean mushrooms.
cleaning_out_drawers,Clean out drawers.
cleaning_oven,Clean oven.
cleaning_parks,Clean parks.
cleaning_patio_furniture,Clean patio furniture.
cleaning_pavement,Clean pavement.
cleaning_pet_bed,Clean pet bed.
cleaning_rainboots,Clean rainboots.
cleaning_restaurant_table,Clean restaurant table.
cleaning_shed,Clean shed.
cleaning_shoes,Clean shoes.
cleaning_skis,Clean skis.
cleaning_sneakers,Clean sneakers.
cleaning_stove,Clean stove.
cleaning_stuff_out_of_car,Clean stuff out of the car.
cleaning_table_after_clearing,Clean table after clearing.
cleaning_the_hot_tub,Clean the hot tub.
cleaning_the_pool,Clean the pool.
cleaning_the_yard,Clean the yard.
cleaning_toilet,Clean toilet.
cleaning_tools_and_equipment,Clean tools and equipment.
cleaning_up_after_a_meal,Clean up after a meal.
cleaning_up_after_an_event,Clean up after an event.
cleaning_up_branches_and_twigs,Clean up branches and twigs.
cleaning_up_plates_and_food,Clean up plates and food.
cleaning_up_refrigerator,Clean up refrigerator.
cleaning_vehicles,Clean vehicles.
cleaning_windows,Clean windows.
clearing_food_from_table_into_fridge,Clear food from the table into the fridge.
clearing_table_after_breakfast,Clear the table after breakfast.
clearing_table_after_coffee,Clear the table after coffee.
clearing_table_after_dinner,Clear the table after dinner.
clearing_table_after_snacks,Clear the table after snacks.
clearing_table_after_supper,Clear the table after supper.
clearing_the_table_after_dinner,Clear the table after dinner.
cold_brew_coffee,Cold-brew coffee.
collecting_aluminum_cans,Collect aluminum cans.
collecting_berries,Collect berries.
collecting_childrens_toys,Collect children's toys.
collecting_dishes_from_around_house,Collect dishes from around house.
collecting_dishes_from_restaurant_tables,Collect dishes from restaurant tables.
collecting_mail_from_the_letterbox,Collect mail from the letterbox.
collecting_wood,Collect wood.
composting_waste,Compost waste.
cook_a_brisket,Cook a brisket.
cook_a_crab,Cook a crab.
cook_a_duck,Cook a duck.
cook_a_frozen_pie,Cook a frozen pie.
cook_a_ham,Cook a ham.
cook_a_pumpkin,Cook a pumpkin.
cook_a_turkey,Cook a turkey.
cook_arepas,Cook arepas.
cook_asparagus,Cook asparagus.
cook_bacon,Cook bacon.
cook_beef,Cook beef.
cook_beef_and_onions,Cook beef and onions.
cook_bok_choy,Cook bok choy.
cook_broccolini,Cook broccolini.
cook_brussels_sprouts,Cook brussels sprouts.
cook_cabbage,Cook cabbage.
cook_carrots,Cook carrots.
cook_chicken,Cook chicken.
cook_chicken_and_rice,Cook chicken and rice.
cook_chickpeas,Cook chickpeas.
cook_chorizo,Cook chorizo.
cook_clams,Cook clams.
cook_corn,Cook corn.
cook_eggplant,Cook eggplant.
cook_eggs,Cook eggs.
cook_fish,Cook fish.
cook_green_beans,Cook green beans.
cook_ground_beef,Cook ground beef.
cook_ham_hocks,Cook ham hocks.
cook_hot_dogs,Cook hot dogs.
cook_kabobs,Cook kabobs.
cook_kale,Cook kale.
cook_kielbasa,Cook kielbasa.
cook_lamb,Cook lamb.
cook_lasagne,Cook lasagne.
cook_mussels,Cook mussels.
cook_mustard_greens,Cook mustard greens.
cook_noodles,Cook noodles.
cook_onions,Cook onions.
cook_oysters,Cook oysters.
cook_pasta,Cook pasta.
cook_peas,Cook peas.
cook_peppers,Cook peppers.
cook_pork_ribs,Cook pork ribs.
cook_potatoes,Cook potatoes.
cook_pumpkin_seeds,Cook pumpkin seeds.
cook_quail,Cook quail.
cook_ramen_noodles,Cook ramen noodles.
cook_red_peppers,Cook red peppers.
cook_rice,Cook rice.
cook_sausages,Cook sausages.
cook_seafood_paella,Cook seafood paella.
cook_shrimp,Cook shrimp.
cook_snap_peas,Cook snap peas.
cook_soup,Cook soup.
cook_spinach,Cook spinach.
cook_squash,Cook squash.
cook_sweet_potatoes,Cook sweet potatoes.
cook_tofu,Cook tofu.
cook_turkey_drumsticks,Cook turkey drumsticks.
cook_vegetables,Cook vegetables.
cook_zucchini,Cook zucchini.
cooking_a_feast,Cook a feast.
cooking_breakfast,Cook breakfast.
cooking_dinner,Cook dinner.
cooking_food_for_adult,Cook food for adult.
cooking_lunch,Cook lunch.
cool_cakes,Cool cakes.
cover_a_flower_pot_in_fabric,Cover a flower pot in fabric.
covering_boat,Cover boat.
de_clutter_your_garage,Declutter your garage.
de_ice_a_car,De-ice a car.
decorating_for_religious_ceremony,Decorate for religious ceremony.
decorating_outside_for_holidays,Decorate outside for holidays.
decorating_outside_for_parties,Decorate outside for parties.
defrost_meat,Defrost meat.
defrosting_freezer,Defrost freezer.
delivering_groceries_to_doorstep,Deliver groceries to doorstep.
disinfect_laundry,Disinfect laundry.
disinfect_nail_clippers,Disinfect nail clippers.
dispose_of_a_pizza_box,Dispose of a pizza box.
dispose_of_batteries,Dispose of batteries.
dispose_of_fireworks,Dispose of fireworks.
dispose_of_glass,Dispose of glass.
dispose_of_medication,Dispose of medication.
dispose_of_paper,Dispose of paper.
disposing_of_lawn_clippings,Dispose of lawn clippings.
disposing_of_trash_for_adult,Dispose of trash for adult.
distributing_event_T_shirts,Distribute event T-shirts.
distributing_groceries_at_food_bank,Distribute groceries at the food bank.
doing_housework_for_adult,Do housework for adult.
doing_laundry,Do laundry.
donating_clothing,Donate clothing.
donating_toys,Donate toys.
drape_window_scarves,Drape window scarves.
drying_dishes,Dry dishes.
drying_table,Dry table.
dust_houseplants,Dust houseplants.
dusting_rugs,Dust rugs.
emptying_ashtray,Empty ashtray.
emptying_trash_cans,Empty trash cans.
fertilize_a_lawn,Fertilize a lawn.
fertilize_plants,Fertilize plants.
fertilizing_garden,Fertilize garden.
fill_a_bucket_in_a_small_sink,Fill a bucket in a small sink.
fill_a_canteen,Fill a canteen.
fill_a_hot_water_bottle,Fill a hot water bottle.
fill_a_punching_bag,Fill a punching bag.
filling_pepper,Fill pepper.
filling_salt,Fill salt.
filling_sugar,Fill sugar.
filling_the_bird_feeder,Fill the bird feeder.
fixing_broken_chair,Fix broken chair.
fixing_broken_table,Fix broken table.
fixing_mailbox,Fix mailbox.
fold_a_cloth_napkin,Fold a cloth napkin.
fold_a_plastic_bag,Fold a plastic bag.
fold_a_tortilla,Fold a tortilla.
fold_bandanas,Fold bandanas.
fold_towels,Fold towels.
folding_clean_laundry,Fold clean laundry.
folding_clothes,Fold clothes.
folding_piece_of_cloth,Fold piece of cloth.
folding_sheets,Fold sheets.
freeze_fruit,Freeze fruit.
freeze_lasagna,Freeze lasagna.
freeze_meat,Freeze meat.
freeze_pies,Freeze pies.
freeze_quiche,Freeze quiche.
freeze_vegetables,Freeze vegetables.
fry_pot_stickers,Fry pot stickers.
gathering_nuts,Gather nuts.
getting_a_drink,Get a drink.
getting_organized_for_work,Get organized for work.
getting_package_from_post_office,Get package from the post office.
glaze_a_ham,Glaze a ham.
grease_and_flour_a_pan,Grease and flour a pan.
grill_burgers,Grill burgers.
grill_vegetables,Grill vegetables.
halve_an_egg,Halve an egg.
hand_washing_clothing,Hand-wash clothing.
hang_a_bike_on_the_wall,Hang a bike on the wall.
hang_a_dartboard,Hang a dartboard.
hang_icicle_lights,Hang icicle lights.
hang_paper_lanterns,Hang paper lanterns.
hanging_address_numbers,Hang address numbers.
hanging_blinds,Hang blinds.
hanging_clothes,Hang clothes.
hanging_clothes_on_clothesline,Hang clothes on clothesline.
hanging_flags,Hang flags.
hanging_outdoor_lights,Hang outdoor lights.
hanging_pictures,Hang pictures.
hanging_shades,Hang shades.
hanging_up_bedsheets,Hang up bedsheets.
hanging_up_curtains,Hang up curtains.
hanging_up_wind_chimes,Hang up wind chimes.
hard_boil_an_egg,Hard-boil an egg.
heating_food_up,Heat food up.
hiding_Easter_eggs,Hide Easter eggs.
hoe_weeds,Hoe weeds.
ice_cookies,Ice cookies.
installing_a_fax_machine,Install a fax machine.
installing_a_fence,Install a fence.
installing_a_modem,Install a modem.
installing_a_printer,Install a printer.
installing_a_scanner,Install a scanner.
installing_a_trailer_hitch,Install a trailer hitch.
installing_alarms,Install alarms.
installing_carpet,Install carpet.
installing_smoke_detectors,Install smoke detectors.
iron_a_tie,Iron a tie.
iron_curtains,Iron curtains.
ironing_bedsheets,Iron bedsheets.
ironing_clothes,Iron clothes.
ironing_curtains,Iron curtains.
lay_sod,Lay sod.
laying_clothes_out,Lay clothes out.
laying_out_a_feast,Lay out a feast.
laying_out_snacks_at_work,Lay out snacks at work.
laying_paving_stones,Lay paving stones.
laying_restaurant_table_for_dinner,Lay the restaurant table for dinner.
laying_tile_floors,Lay tile floors.
laying_wood_floors,Lay wood floors.
lighting_fireplace,Light fireplace.
line_kitchen_shelves,Line kitchen shelves.
loading_shopping_into_car,Load shopping into the car.
loading_the_car,Load the car.
loading_the_dishwasher,Load the dishwasher.
lube_a_bicycle_chain,Lube a bicycle chain.
mailing_letters,Mail letters.
make_a_bake_sale_stand_stall,Make a bake sale stand stall.
make_a_basic_brine,Make a basic brine.
make_a_blended_iced_cappuccino,Make a blended iced cappuccino.
make_a_candy_centerpiece,Make a candy centerpiece.
make_a_cappuccino,Make a cappuccino.
make_a_car_emergency_kit,Make a car emergency kit.
make_a_cheese_pastry,Make a cheese pastry.
make_a_chia_breakfast_bowl,Make a chia breakfast bowl.
make_a_christmas_gift_box,Make a christmas gift box.
make_a_clothes_line,Make a clothes line.
make_a_frappe,Make a frappe.
make_a_lunch_box,Make a lunch box.
make_a_military_care_package,Make a military care package.
make_a_milkshake,Make a milkshake.
make_a_mojito,Make a mojito.
make_a_red_meat_sauce,Make a red meat sauce.
make_a_salad,Make a salad.
make_a_sandwich,Make a sandwich.
make_a_small_vegetable_garden,Make a small vegetable garden.
make_a_steak,Make a steak.
make_a_strawberry_slushie,Make a strawberry slushie.
make_a_sugar_and_coffee_scrub,Make a sugar and coffee scrub.
make_a_tropical_breakfast,Make a tropical breakfast.
make_a_vinegar_cleaning_solution,Make a vinegar cleaning solution.
make_a_wiener_schnitzle,Make a Wiener schnitzel.
make_an_egg_tomato_and_toast_breakfast,"Make an egg, tomato, and toast breakfast."
make_an_iced_espresso,Make an iced espresso.
make_applesauce,Make applesauce.
make_bagels,Make bagels.
make_baked_pears,Make baked pears.
make_batter,Make batter.
make_beef_and_broccoli,Make beef and broccoli.
make_bento,Make bento.
make_biscuits,Make biscuits.
make_blueberry_mousse,Make blueberry mousse.
make_brownies,Make brownies.
make_burrito_bowls,Make burrito bowls.
make_cabinet_doors,Make cabinet doors.
make_cake_filling,Make cake filling.
make_cake_mix,Make cake mix.
make_chicken_and_waffles,Make chicken and waffles.
make_chicken_curry,Make chicken curry.
make_chicken_fajitas,Make chicken fajitas.
make_chocolate_biscuits,Make chocolate biscuits.
make_chocolate_milk,Make chocolate milk.
make_chocolate_spread,Make chocolate spread.
make_chocolate_syrup,Make chocolate syrup.
make_cinnamon_sugar,Make cinnamon sugar.
make_cinnamon_toast,Make cinnamon toast.
make_citrus_punch,Make citrus punch.
make_coffee,Make coffee.
make_cookie_dough,Make cookie dough.
make_cookies,Make cookies.
make_cream_from_milk,Make cream from milk.
make_cream_soda,Make cream soda.
make_curry_rice,Make curry rice.
make_dessert_watermelons,Make dessert watermelons.
make_dinner_rolls,Make dinner rolls.
make_dinosaur_goody_bags,Make dinosaur goody bags.
make_edible_chocolate_chip_cookie_dough,Make edible chocolate chip cookie dough.
make_eggnog,Make eggnog.
make_fish_and_chips,Make fish and chips.
make_fried_rice,Make fried rice.
make_fruit_punch,Make fruit punch.
make_garlic_mushrooms,Make garlic mushrooms.
make_gift_bags_for_baby_showers,Make gift bags for baby showers.
make_granola,Make granola.
make_green_tea_latte,Make a green tea latte.
make_homemade_bird_food,Make homemade bird food.
make_hot_cocoa,Make hot cocoa.
make_ice,Make ice.
make_iced_chocolate,Make iced chocolate.
make_iced_tea,Make iced tea.
make_instant_coffee,Make instant coffee.
make_jamaican_jerk_seasoning,Make Jamaican jerk seasoning.
make_king_prawns_with_garlic,Make king prawns with garlic.
make_lemon_or_lime_water,Make lemon or lime water.
make_lemon_pepper_seasoning,Make lemon pepper seasoning.
make_lemon_pepper_wings,Make lemon pepper wings.
make_lemon_stain_remover,Make lemon stain remover.
make_lemonade,Make lemonade.
make_limeade,Make limeade.
make_macaroni_and_cheese,Make macaroni and cheese.
make_meatloaf,Make meatloaf.
make_microwave_popcorn,Make microwave popcorn.
make_muffins,Make muffins.
make_mustard_herb_and_spice_seasoning,"Make mustard, herb, and spice seasoning."
make_nachos,Make nachos.
make_oatmeal,Make oatmeal.
make_onion_ring_batter,Make onion ring batter.
make_party_favors_from_candy,Make party favors from candy.
make_pasta_sauce,Make pasta sauce.
make_pastry,Make pastry.
make_pizza,Make pizza.
make_pizza_dough,Make pizza dough.
make_pizza_sauce,Make pizza sauce.
make_popsicles,Make popsicles.
make_pumpkin_pie_spice,Make pumpkin pie spice.
make_red_beans_and_rice,Make red beans and rice.
make_rose_centerpieces,Make rose centerpieces.
make_seafood_stew,Make seafood stew.
make_soup,Make soup.
make_spa_water,Make spa water.
make_stew,Make stew.
make_stewed_fruit,Make stewed fruit.
make_strawberries_and_cream,Make strawberries and cream.
make_tacos,Make tacos.
make_the_ultimate_spa_basket,Make the ultimate spa basket.
make_the_workplace_exciting,Make the workplace exciting.
make_toast,Make toast.
make_tomato_rice,Make tomato rice.
make_waffles,Make waffles.
make_watermelon_punch,Make watermelon punch.
make_white_wine_sauce,Make white wine sauce.
make_yams,Make yams.
making_a_drink,Make a drink.
making_a_meal,Make a meal.
making_a_snack,Make a snack.
making_coffee,Make coffee.
making_the_bed,Make the bed.
melt_white_chocolate,Melt white chocolate.
mixing_drinks,Mix drinks.
mopping_floors,Mop floors.
mopping_the_kitchen_floor,Mop the kitchen floor.
moving_boxes_to_storage,Move boxes to storage.
moving_stuff_to_storage,Move stuff to storage.
mowing_the_lawn,Mow the lawn.
mulching,Mulch.
opening_doors,Open doors.
opening_windows,Open windows.
organise_a_linen_closet,Organise a linen closet.
organizing_art_supplies,Organize art supplies.
organizing_boxes_in_garage,Organize boxes in the garage.
organizing_file_cabinet,Organize file cabinet.
organizing_items_for_yard_sale,Organize items for yard sale.
organizing_office_documents,Organize office documents.
organizing_school_stuff,Organize school stuff.
organizing_skating_stuff,Organize skating stuff.
organizing_volunteer_materials,Organize volunteer materials.
outfit_a_basic_toolbox,Outfit a basic toolbox.
pack_a_beach_bag,Pack a beach bag.
pack_a_pencil_case,Pack a pencil case.
pack_for_the_pool,Pack for the pool.
pack_your_gym_bag,Pack your gym bag.
packing_art_supplies_into_car,Pack art supplies into the car.
packing_bags_or_suitcase,Pack bags or suitcase.
packing_books_into_car,Pack books into the car.
packing_car_for_trip,Pack car for the trip.
packing_cleaning_suppies_into_car,Pack cleaning supplies into the car.
packing_documents_into_car,Pack documents into the car.
packing_fishing_gear_into_car,Pack fishing gear into the car.
packing_grocery_bags_into_car,Pack grocery bags into the car.
packing_hiking_equipment_into_car,Pack hiking equipment into the car.
packing_hobby_equipment,Pack hobby equipment.
packing_meal_for_delivery,Pack meal for delivery.
packing_moving_van,Pack moving van.
packing_picnic_food_into_car,Pack picnic food into the car.
packing_picnic_into_car,Pack picnic into the car.
packing_recreational_vehicle_for_trip,Pack recreational vehicle for the trip.
packing_sports_equipment_into_car,Pack sports equipment into the car.
painting_house_exterior,Paint house exterior.
painting_porch,Paint porch.
passing_out_drinks,Pass out drinks.
paying_for_purchases,Pay for purchases.
picking_fruit_and_vegetables,Pick fruit and vegetables.
picking_up_baggage,Pick up baggage.
picking_up_books_at_library,Pick up books at the library.
picking_up_clothes,Pick up clothes.
picking_up_litter,Pick up litter.
picking_up_prescriptions,Pick up prescriptions.
picking_up_take_out_food,Pick up take out food.
picking_up_toys,Pick up toys.
picking_up_trash,Pick up trash.
picking_vegetables_in_garden,Pick vegetables in garden.
place_houseplants_around_your_home,Place houseplants around your home.
planting_flowers,Plant flowers.
planting_plants,Plant plants.
planting_trees,Plant trees.
planting_vegetables,Plant vegetables.
polish_a_car,Polish a car.
polish_copper,Polish copper.
polish_cymbals,Polish cymbals.
polish_gold,Polish gold.
polish_pewter,Polish pewter.
polish_rocks,Polish rocks.
polish_wood_floors,Polish wood floors.
polishing_furniture,Polish furniture.
polishing_shoes,Polish shoes.
polishing_silver,Polish silver.
pour_a_glass_of_wine,Pour a glass of wine.
pour_beer,Pour beer.
pouring_water_in_a_glass,Pour water in a glass.
prepare_a_boat_for_fishing,Prepare a boat for fishing.
prepare_a_breakfast_bar,Prepare a breakfast bar.
prepare_a_filling_breakfast,Prepare a filling breakfast.
prepare_a_hanging_basket,Prepare a hanging basket.
prepare_a_raised_bed_garden,Prepare a raised bed garden.
prepare_a_slow_dinner_party,Prepare a slow dinner party.
prepare_an_emergency_school_kit,Prepare an emergency school kit.
prepare_and_cook_prawns,Prepare and cook prawns.
prepare_and_cook_swiss_chard,Prepare and cook Swiss chard.
prepare_baking_pans,Prepare baking pans.
prepare_make_ahead_breakfast_bowls,Prepare make ahead breakfast bowls.
prepare_quinoa,Prepare quinoa.
prepare_sea_salt_soak,Prepare sea salt soak.
prepare_wine_and_cheese,Prepare wine and cheese.
prepare_your_garden_for_a_cat,Prepare your garden for a cat.
prepare_your_garden_for_winter,Prepare your garden for winter.
preparing_clothes_for_the_next_day,Prepare clothes for the next day.
preparing_existing_coffee,Prepare existing coffee.
preparing_food_for_a_fundraiser,Prepare food for a fundraiser.
preparing_food_for_adult,Prepare food for adult.
preparing_food_for_company,Prepare food for company.
preparing_food_or_drink_for_sale,Prepare food or drink for sale.
preparing_lunch_box,Prepare lunch box.
preserving_fruit,Preserve fruit.
preserving_meat,Preserve meat.
preserving_vegetables,Preserve vegetables.
put_together_a_basic_pruning_kit,Put together a basic pruning kit.
put_together_a_goodie_bag,Put together a goodie bag.
put_together_a_scrapping_tool_kit,Put together a scrapping tool kit.
putting_away_Christmas_decorations,Put away Christmas decorations.
putting_away_Halloween_decorations,Put away Halloween decorations.
putting_away_bicycles,Put away bicycles.
putting_away_cleaning_supplies,Put away cleaning supplies.
putting_away_games,Put away games.
putting_away_purchased_clothes,Put away purchased clothes.
putting_away_tools,Put away tools.
putting_away_toys,Put away toys.
putting_away_yard_equipment,Put away yard equipment.
putting_backpack_in_car_for_school,Put backpack in the car for school.
putting_bike_in_garage,Put bike in the garage.
putting_birdseed_in_cage,Put birdseed in the cage.
putting_clean_laundry_away,Put clean laundry away.
putting_clothes_in_storage,Put clothes in storage.
putting_clothes_into_closet,Put clothes into the closet.
putting_dirty_dishes_in_sink,Put dirty dishes in sink.
putting_dishes_away_after_cleaning,Put dishes away after cleaning.
putting_food_in_fridge,Put food in the fridge.
putting_in_a_hot_tub,Put in a hot tub.
putting_laundry_in_drawer,Put laundry in the drawer.
putting_leftovers_away,Put leftovers away.
putting_meal_in_fridge_at_work,Put meal in the fridge at work.
putting_meal_on_plate,Put meal on plate.
putting_on_license_plates,Put on license plates.
putting_on_registration_stickers,Put on registration stickers.
putting_on_tags_car,Put on tags car.
putting_out_cat_food,Put out cat food.
putting_out_clean_towels,Put out clean towels.
putting_out_condiments,Put out condiments.
putting_out_dog_food,Put out dog food.
putting_pesticides_on_lawn,Put pesticides on the lawn.
putting_protective_cover_on_vehicle,Put protective cover on the vehicle.
putting_roast_in_oven,Put roast in the oven.
putting_shoes_on_rack,Put shoes on the rack.
putting_shopping_away,Put shopping away.
putting_tablecloth_on_table,Put tablecloth on table.
putting_towels_in_bathroom,Put towels in the bathroom.
putting_up_Christmas_decorations_inside,Put up Christmas decorations inside.
putting_up_Christmas_decorations_outside,Put up Christmas decorations outside.
putting_up_Christmas_lights_inside,Put up Christmas lights inside.
putting_up_Christmas_lights_outside,Put up Christmas lights outside.
putting_up_outdoor_holiday_decorations,Put up outdoor holiday decorations.
putting_up_posters,Put up posters.
putting_up_shelves,Put up shelves.
putting_wood_in_fireplace,Put wood in the fireplace.
raking_leaves,Rake leaves.
re_shelving_library_books,Reshelve library books.
rearrange_your_room,Rearrange your room.
rearranging_furniture,Rearrange furniture.
rearranging_kitchen_furniture,Rearrange kitchen furniture.
recycling_glass_bottles,Recycle glass bottles.
recycling_newspapers,Recycle newspapers.
recycling_office_papers,Recycle office papers.
reheat_frozen_or_chilled_food,Reheat frozen or chilled food.
remove_a_broken_light_bulb,Remove a broken light bulb.
remove_a_wall_mirror,Remove a wall mirror.
remove_hard_water_spots,Remove hard water spots.
remove_scorch_marks,Remove scorch marks.
remove_sod,Remove sod.
remove_spots_from_linen,Remove spots from linen.
removing_ice_from_walkways,Remove ice from walkways.
removing_lint_from_dryer,Remove lint from dryer.
repairs_to_furniture,Repair to furniture.
returning_consumer_goods,Return consumer goods.
returning_videotapes_to_store,Return videotapes to store.
rinsing_dishes,Rinse dishes.
roast_meat,Roast meat.
roast_nuts,Roast nuts.
roast_vegetables,Roast vegetables.
sanding_wood_furniture,Sand wood furniture.
saute_vegetables,Saute vegetables.
scraping_snow_off_vehicle,Scrape snow off the vehicle.
scrubbing_bathroom_floor,Scrub bathroom floor.
selling_products_at_flea_market,Sell products at flea market.
sending_packages,Send packages.
serving_food_at_a_homeless_shelter,Serve food at a homeless shelter.
serving_food_on_the_table,Serve food on the table.
serving_hors_d_oeuvres,Serve hors d'oeuvres.
set_a_dinner_table,Set a dinner table.
set_a_fancy_table,Set a fancy table.
set_a_table_for_a_tea_party,Set a table for a tea party.
set_up_a_bird_cage,Set up a bird cage.
set_up_a_buffet,Set up a buffet.
set_up_a_coffee_station_in_your_kitchen,Set up a coffee station in your kitchen.
set_up_a_guinea_pig_cage,Set up a guinea pig cage.
set_up_a_home_office_in_your_garage,Set up a home office in your garage.
set_up_a_hot_dog_bar,Set up a hot dog bar.
set_up_a_mouse_cage,Set up a mouse cage.
set_up_a_preschool_classroom,Set up a preschool classroom.
set_up_a_webcam,Set up a webcam.
setting_mousetraps,Set mousetraps.
setting_table_for_coffee,Set the table for coffee.
setting_the_fire,Set the fire.
setting_the_table,Set the table.
setting_up_bedroom_for_guest,Set up bedroom for guest.
setting_up_for_an_event,Set up for an event.
setting_up_garden_furniture,Set up garden furniture.
setting_up_living_room_for_guest,Set up living room for guest.
setting_up_room_for_a_movie,Set up room for a movie.
setting_up_room_for_games,Set up room for games.
setting_up_silent_auction,Set up silent auction.
setting_up_toy_train_track,Set up toy train track.
setup_a_baby_crib,Set up a baby crib.
setup_a_bar_for_a_cocktail_party,Set up a bar for a cocktail party.
setup_a_fish_tank,Set up a fish tank.
setup_a_garden_party,Set up a garden party.
setup_a_trampoline,Set up a trampoline.
shampooing_carpet,Shampoo carpet.
shopping_at_warehouse_stores,Shop at warehouse stores.
shoveling_coal,Shovel coal.
shoveling_snow,Shovel snow.
slicing_vegetables,Slice vegetables.
sorting_art_supplies,Sort art supplies.
sorting_books_on_shelf,Sort books on shelf.
sorting_bottles_cans_and_paper,"Sort bottles, cans, and paper."
sorting_clothes,Sort clothes.
sorting_clothing,Sort clothing.
sorting_household_items,Sort household items.
sorting_items_for_garage_sale,Sort items for garage sale.
sorting_laundry,Sort laundry.
sorting_mail,Sort mail.
sorting_newspapers_for_recycling,Sort newspapers for recycling.
sorting_potatoes,Sort potatoes.
sorting_vegetables,Sort vegetables.
sorting_volunteer_materials,Sort volunteer materials.
spray_stucco,Spray stucco.
spraying_for_bugs,Spray for bugs.
spraying_fruit_trees,Spray fruit trees.
spring_clean_your_skateboard,Spring-clean your skateboard.
stacking_wood,Stack wood.
staining_wood_furniture,Stain wood furniture.
stash_snacks_in_your_room,Stash snacks in your room.
stock_a_bar,Stock a bar.
stock_a_bar_cart,Stock a bar cart.
stock_grocery_shelves,Stock grocery shelves.
store_a_fur_coat,Store a fur coat.
store_a_kayak,Store a kayak.
store_a_quilt,Store a quilt.
store_an_uncooked_turkey,Store an uncooked turkey.
store_baby_clothes,Store baby clothes.
store_baking_soda,Store baking soda.
store_batteries,Store batteries.
store_beer,Store beer.
store_bobby_pins,Store bobby pins.
store_brownies,Store brownies.
store_christmas_lights,Store christmas lights.
store_coffee_beans_or_ground_coffee,Store coffee beans or ground coffee.
store_daffodil_bulbs,Store daffodil bulbs.
store_feta_cheese,Store feta cheese.
store_firewood,Store firewood.
store_firewood_outdoors,Store firewood outdoors.
store_honey,Store honey.
store_loose_leaf_tea,Store loose leaf tea.
store_nuts,Store nuts.
store_produce,Store produce.
store_rugs,Store rugs.
store_silver_coins,Store silver coins.
store_tulip_bulbs,Store tulip bulbs.
store_vintage_linens,Store vintage linens.
store_vodka,Store vodka.
store_whole_grains,Store whole grains.
store_winter_coats,Store winter coats.
storing_food,Store food.
stripping_furniture,Strip furniture.
sweeping_floors,Sweep floors.
sweeping_garage,Sweep garage.
sweeping_outside_entrance,Sweep outside entrance.
sweeping_patio,Sweep patio.
sweeping_porch,Sweep porch.
sweeping_steps,Sweep steps.
taking_clothes_off_of_the_drying_rack,Take clothes off the drying rack.
taking_clothes_off_the_line,Take clothes off the line.
taking_clothes_out_of_the_dryer,Take clothes out of the dryer.
taking_clothes_out_of_washer,Take clothes out of washer.
taking_down_curtains,Take down curtains.
taking_fish_out_of_freezer,Take fish out of freezer.
taking_trash_outside,Take trash outside.
thaw_frozen_fish,Thaw frozen fish.
thawing_frozen_food,Thaw frozen food.
throwing_out_used_napkins,Throw out used napkins.
tidy_your_garden,Tidy your garden.
tidying_bathroom,Tidy bathroom.
tidying_bedroom,Tidy bedroom.
tidying_living_room,Tidy living room.
tidying_up_wardrobe,Tidy up wardrobe.
toast_buns,Toast buns.
toast_coconut,Toast coconut.
toast_sunflower_seeds,Toast sunflower seeds.
treating_clothes,Treat clothes.
treating_spot,Treat spot.
treating_stains,Treat stains.
turn_off_a_normal_school_calculator,Turn off a normal school calculator.
turning_off_the_hot_tub,Turn off the hot tub.
turning_on_radio,Turn on the radio.
turning_on_the_hot_tub,Turn on the hot tub.
turning_out_all_lights_before_sleep,Turn out all lights before sleep.
unhook_a_fish,Unhook a fish.
unloading_groceries,Unload groceries.
unloading_shopping_from_car,Unload shopping from the car.
unloading_shopping_items,Unload shopping items.
unloading_the_car,Unload the car.
unpacking_car_for_trip,Unpack car for the trip.
unpacking_childs_bag,Unpack child's bag.
unpacking_hobby_equipment,Unpack hobby equipment.
unpacking_moving_van,Unpack moving van.
unpacking_recreational_vehicle_for_trip,Unpack recreational vehicle for the trip.
unpacking_suitcase,Unpack suitcase.
vacuuming_floors,Vacuum floors.
vacuuming_vehicles,Vacuum vehicles.
warm_tortillas,Warm tortillas.
wash_a_backpack,Wash a backpack.
wash_a_baseball_cap,Wash a baseball cap.
wash_a_bra,Wash a bra.
wash_a_leotard,Wash a leotard.
wash_a_motorcycle,Wash a motorcycle.
wash_a_wool_coat,Wash a wool coat.
wash_an_infant_car_seat,Wash an infant car seat.
wash_baby_bottles,Wash baby bottles.
wash_delicates_in_the_laundry,Wash delicates in the laundry.
wash_dog_toys,Wash dog toys.
wash_duvets,Wash duvets.
wash_fruit_and_vegetables,Wash fruit and vegetables.
wash_goalkeeper_gloves,Wash goalkeeper gloves.
wash_grapes,Wash grapes.
wash_jeans,Wash jeans.
wash_lettuce,Wash lettuce.
wash_towels,Wash towels.
wash_your_bike,Wash your bike.
wash_your_rings,Wash your rings.
washing_bowls,Wash bowls.
washing_curtains,Wash curtains.
washing_fabrics,Wash fabrics.
washing_floor,Wash floor.
washing_outside_walls,Wash outside walls.
washing_outside_windows,Wash outside windows.
washing_plates,Wash plates.
washing_pots_and_pans,Wash pots and pans.
washing_utensils,Wash utensils.
washing_vegetables,Wash vegetables.
washing_walls,Wash walls.
washing_windows,Wash windows.
water_your_lawn_efficiently,Water your lawn efficiently.
watering_indoor_flowers,Water indoor flowers.
watering_outdoor_flowers,Water outdoor flowers.
watering_outdoor_plants,Water outdoor plants.
waxing_floors,Wax floors.
wrap_silverware,Wrap silverware.
